request_id,source_location_id,destination_location_id,category,urgency_level,weight_estimate_kg,volume_estimate_m3,time_submitted,deadline,status,assigned_truck_id,priority_score
1,49,56,commercial,4,310.6,3.11,2025-08-01 06:05:00,2025-08-11 18:00:00,completed,22,4.21
2,8,55,medical,3,168.9,1.69,2025-08-09 13:13:00,2025-08-10 18:00:00,pending,,3.09
3,35,55,medical,1,96.2,0.96,2025-08-01 15:57:00,2025-08-15 18:00:00,scheduled,14,1.53
4,43,55,household,1,379.7,3.8,2025-08-04 09:23:00,2025-08-12 18:00:00,pending,,1.9
5,5,54,medical,4,182.7,1.83,2025-08-09 07:10:00,2025-08-10 18:00:00,scheduled,13,4.21
6,31,51,construction,3,70.7,0.71,2025-08-01 18:20:00,2025-08-14 18:00:00,completed,4,3.54
7,46,54,household,3,236.4,2.36,2025-08-03 15:05:00,2025-08-14 18:00:00,in_progress,21,3.75
8,33,51,household,4,171.4,1.71,2025-08-09 12:08:00,2025-08-12 18:00:00,cancelled,23,4.52
9,29,55,medical,4,458.8,4.59,2025-08-01 09:36:00,2025-08-12 18:00:00,pending,,4.28
10,13,56,medical,3,371.9,3.72,2025-08-05 16:45:00,2025-08-10 18:00:00,scheduled,30,3.03
11,40,54,construction,1,239.9,2.4,2025-08-02 10:45:00,2025-08-13 18:00:00,scheduled,7,1.27
12,22,55,recyclable,5,493.2,4.93,2025-08-08 14:00:00,2025-08-13 18:00:00,cancelled,10,5.78
13,21,55,medical,1,262.7,2.63,2025-08-06 08:26:00,2025-08-15 18:00:00,pending,,1.09
14,45,55,recyclable,1,393.4,3.93,2025-08-04 08:07:00,2025-08-12 18:00:00,scheduled,1,1.94
15,34,55,medical,2,105.7,1.06,2025-08-08 16:34:00,2025-08-14 18:00:00,in_progress,27,2.95
16,10,54,industrial,4,267.6,2.68,2025-08-01 10:55:00,2025-08-12 18:00:00,in_progress,24,4.47
17,42,56,recyclable,3,113.2,1.13,2025-08-06 08:03:00,2025-08-15 18:00:00,cancelled,7,3.27
18,40,51,household,3,330.3,3.3,2025-08-05 13:21:00,2025-08-13 18:00:00,pending,,3.18
19,25,53,recyclable,4,425.5,4.25,2025-08-08 10:44:00,2025-08-13 18:00:00,in_progress,23,4.25
20,11,51,household,3,221.8,2.22,2025-08-04 15:39:00,2025-08-10 18:00:00,pending,,3.81
21,18,54,industrial,2,57.1,0.57,2025-08-08 10:46:00,2025-08-13 18:00:00,pending,,2.17
22,44,54,commercial,5,469.2,4.69,2025-08-04 08:25:00,2025-08-12 18:00:00,completed,23,5.07
23,1,56,medical,2,366.4,3.66,2025-08-05 09:37:00,2025-08-12 18:00:00,pending,,2.87
24,24,54,industrial,1,107.8,1.08,2025-08-06 11:57:00,2025-08-15 18:00:00,in_progress,29,1.17
25,35,51,commercial,4,229.5,2.29,2025-08-09 12:17:00,2025-08-13 18:00:00,pending,,4.19
26,19,55,recyclable,2,292.3,2.92,2025-08-04 09:09:00,2025-08-10 18:00:00,scheduled,1,2.65
27,37,54,medical,5,302.5,3.02,2025-08-01 10:35:00,2025-08-15 18:00:00,pending,,5.37
28,12,51,commercial,3,91.3,0.91,2025-08-09 08:50:00,2025-08-14 18:00:00,completed,6,3.62
29,22,56,commercial,5,478.8,4.79,2025-08-05 17:34:00,2025-08-10 18:00:00,completed,27,5.03
30,49,52,medical,4,424.1,4.24,2025-08-01 15:13:00,2025-08-15 18:00:00,completed,8,4.26
31,4,56,construction,5,443.3,4.43,2025-08-05 12:01:00,2025-08-14 18:00:00,pending,,5.82
32,45,51,industrial,5,289.6,2.9,2025-08-03 08:55:00,2025-08-13 18:00:00,pending,,5.32
33,38,52,household,4,289.3,2.89,2025-08-09 10:38:00,2025-08-14 18:00:00,pending,,4.44
34,42,55,recyclable,5,260.7,2.61,2025-08-05 17:09:00,2025-08-14 18:00:00,pending,,5.89
35,30,52,commercial,1,108.8,1.09,2025-08-04 12:19:00,2025-08-10 18:00:00,pending,,1.8
36,37,53,recyclable,5,113.1,1.13,2025-08-02 08:53:00,2025-08-13 18:00:00,scheduled,12,5.53
37,29,56,industrial,3,205.6,2.06,2025-08-01 06:27:00,2025-08-11 18:00:00,pending,,3.47
38,37,56,industrial,1,482.3,4.82,2025-08-06 12:07:00,2025-08-12 18:00:00,in_progress,21,1.83
39,5,53,recyclable,4,56.3,0.56,2025-08-07 16:00:00,2025-08-13 18:00:00,scheduled,15,4.66
40,47,54,household,2,275.1,2.75,2025-08-06 12:18:00,2025-08-14 18:00:00,pending,,2.81
41,23,55,household,1,315.2,3.15,2025-08-03 16:30:00,2025-08-12 18:00:00,cancelled,16,1.94
42,24,54,industrial,2,63.1,0.63,2025-08-06 07:47:00,2025-08-13 18:00:00,pending,,2.81
43,33,52,construction,1,451.4,4.51,2025-08-07 09:01:00,2025-08-15 18:00:00,scheduled,22,1.63
44,6,53,construction,2,243.4,2.43,2025-08-02 17:59:00,2025-08-12 18:00:00,completed,9,2.54
45,34,55,medical,3,111.8,1.12,2025-08-02 14:52:00,2025-08-12 18:00:00,scheduled,5,3.17
46,44,53,recyclable,5,57.2,0.57,2025-08-03 18:07:00,2025-08-13 18:00:00,scheduled,25,5.14
47,19,52,household,3,121.2,1.21,2025-08-08 17:42:00,2025-08-14 18:00:00,in_progress,10,3.44
48,11,53,recyclable,4,383.8,3.84,2025-08-02 17:35:00,2025-08-11 18:00:00,pending,,4.01
49,35,55,industrial,5,61.8,0.62,2025-08-09 09:22:00,2025-08-11 18:00:00,pending,,5.65
50,14,55,commercial,4,210.3,2.1,2025-08-09 18:04:00,2025-08-13 18:00:00,in_progress,8,4.11
51,12,56,medical,4,217.5,2.17,2025-08-04 11:40:00,2025-08-12 18:00:00,completed,17,4.56
52,42,54,medical,2,497.3,4.97,2025-08-06 16:07:00,2025-08-15 18:00:00,pending,,2.99
53,33,52,recyclable,5,69.8,0.7,2025-08-04 12:54:00,2025-08-13 18:00:00,completed,20,5.12
54,12,52,household,2,227.3,2.27,2025-08-08 13:34:00,2025-08-10 18:00:00,scheduled,4,2.33
55,50,52,industrial,2,192.6,1.93,2025-08-08 16:11:00,2025-08-12 18:00:00,pending,,2.47
56,11,52,commercial,2,60.8,0.61,2025-08-03 11:47:00,2025-08-13 18:00:00,scheduled,21,2.23
57,22,55,industrial,1,227.9,2.28,2025-08-03 15:05:00,2025-08-11 18:00:00,completed,10,1.89
58,45,52,recyclable,1,377.8,3.78,2025-08-07 06:03:00,2025-08-12 18:00:00,pending,,1.51
59,32,52,construction,3,293.8,2.94,2025-08-03 08:23:00,2025-08-13 18:00:00,cancelled,16,3.67
60,34,53,construction,5,492.5,4.92,2025-08-06 14:47:00,2025-08-15 18:00:00,scheduled,21,5.36
61,30,51,medical,1,283.6,2.84,2025-08-07 13:02:00,2025-08-13 18:00:00,in_progress,24,1.36
62,33,55,recyclable,1,390.4,3.9,2025-08-07 09:35:00,2025-08-14 18:00:00,scheduled,4,1.37
63,30,51,construction,5,458.7,4.59,2025-08-04 18:37:00,2025-08-14 18:00:00,pending,,5.08
64,47,52,commercial,3,405.9,4.06,2025-08-08 18:50:00,2025-08-11 18:00:00,completed,1,3.91
65,32,53,construction,5,225.6,2.26,2025-08-05 13:02:00,2025-08-10 18:00:00,pending,,5.24
66,50,51,medical,3,307.9,3.08,2025-08-09 17:24:00,2025-08-10 18:00:00,completed,16,3.98
67,49,54,commercial,4,308.4,3.08,2025-08-09 14:48:00,2025-08-13 18:00:00,cancelled,20,4.96
68,10,56,commercial,1,119.8,1.2,2025-08-08 12:52:00,2025-08-11 18:00:00,pending,,1.01
69,20,52,household,5,355.5,3.56,2025-08-05 18:01:00,2025-08-10 18:00:00,pending,,5.86
70,34,55,commercial,4,275.9,2.76,2025-08-02 14:48:00,2025-08-14 18:00:00,completed,28,4.04
71,13,52,commercial,2,488.9,4.89,2025-08-05 08:35:00,2025-08-14 18:00:00,pending,,2.05
72,3,52,recyclable,4,297.2,2.97,2025-08-04 11:33:00,2025-08-15 18:00:00,pending,,4.38
73,29,56,commercial,4,262.7,2.63,2025-08-02 12:44:00,2025-08-13 18:00:00,pending,,4.44
74,25,52,recyclable,2,271.4,2.71,2025-08-01 18:57:00,2025-08-12 18:00:00,pending,,2.87
75,17,52,medical,4,308.3,3.08,2025-08-07 11:04:00,2025-08-14 18:00:00,scheduled,16,4.31
76,49,51,medical,2,186.2,1.86,2025-08-05 08:57:00,2025-08-10 18:00:00,pending,,2.46
77,13,51,commercial,4,426.4,4.26,2025-08-05 14:03:00,2025-08-13 18:00:00,in_progress,12,4.81
78,45,51,household,2,310.9,3.11,2025-08-06 08:38:00,2025-08-14 18:00:00,pending,,2.66
79,18,56,industrial,5,148.5,1.49,2025-08-07 09:13:00,2025-08-14 18:00:00,in_progress,4,5.65
80,50,52,industrial,1,178.4,1.78,2025-08-07 14:46:00,2025-08-14 18:00:00,pending,,1.09
81,3,56,recyclable,4,358.8,3.59,2025-08-05 08:21:00,2025-08-15 18:00:00,pending,,4.08
82,48,55,commercial,5,293.6,2.94,2025-08-02 18:43:00,2025-08-15 18:00:00,in_progress,25,5.23
83,17,56,construction,3,97.4,0.97,2025-08-07 10:42:00,2025-08-14 18:00:00,in_progress,11,3.03
84,3,56,industrial,2,383.4,3.83,2025-08-04 06:22:00,2025-08-12 18:00:00,pending,,2.58
85,29,56,recyclable,1,93.4,0.93,2025-08-06 07:04:00,2025-08-15 18:00:00,in_progress,22,1.65
86,35,53,medical,3,469.6,4.7,2025-08-06 17:00:00,2025-08-11 18:00:00,in_progress,15,3.48
87,18,51,medical,1,136.6,1.37,2025-08-06 07:30:00,2025-08-12 18:00:00,scheduled,7,1.5
88,11,55,construction,5,217.8,2.18,2025-08-09 12:25:00,2025-08-11 18:00:00,pending,,5.37
89,18,51,construction,4,164.4,1.64,2025-08-04 13:09:00,2025-08-14 18:00:00,pending,,4.69
90,40,54,household,4,143.8,1.44,2025-08-05 06:48:00,2025-08-10 18:00:00,pending,,4.09
91,40,56,medical,3,369.9,3.7,2025-08-08 10:50:00,2025-08-15 18:00:00,scheduled,18,3.35
92,35,53,industrial,5,430.0,4.3,2025-08-05 09:23:00,2025-08-12 18:00:00,scheduled,16,5.77
93,3,54,construction,5,248.4,2.48,2025-08-01 11:30:00,2025-08-14 18:00:00,cancelled,26,5.66
94,6,56,construction,1,492.0,4.92,2025-08-04 15:24:00,2025-08-13 18:00:00,pending,,1.88
95,47,55,recyclable,4,384.7,3.85,2025-08-01 16:36:00,2025-08-15 18:00:00,in_progress,8,4.13
96,44,56,commercial,4,87.3,0.87,2025-08-07 11:52:00,2025-08-15 18:00:00,in_progress,3,4.68
97,22,54,recyclable,1,291.0,2.91,2025-08-03 10:23:00,2025-08-11 18:00:00,pending,,1.67
98,42,56,medical,5,298.2,2.98,2025-08-02 09:01:00,2025-08-14 18:00:00,pending,,5.16
99,50,55,industrial,1,172.8,1.73,2025-08-02 08:51:00,2025-08-14 18:00:00,pending,,1.37
100,17,56,commercial,4,242.2,2.42,2025-08-02 17:17:00,2025-08-10 18:00:00,cancelled,20,4.89
101,31,54,medical,1,473.4,4.73,2025-08-01 14:24:00,2025-08-15 18:00:00,completed,17,1.42
102,43,54,medical,1,115.3,1.15,2025-08-02 13:18:00,2025-08-14 18:00:00,pending,,1.16
103,4,55,household,2,58.3,0.58,2025-08-06 06:05:00,2025-08-14 18:00:00,pending,,3.0
104,46,53,recyclable,3,153.5,1.53,2025-08-05 06:12:00,2025-08-11 18:00:00,completed,8,3.27
105,32,56,medical,4,255.2,2.55,2025-08-03 15:44:00,2025-08-12 18:00:00,pending,,4.16
106,49,56,medical,1,76.6,0.77,2025-08-07 06:39:00,2025-08-10 18:00:00,pending,,1.36
107,38,53,medical,3,196.0,1.96,2025-08-03 13:01:00,2025-08-10 18:00:00,pending,,3.24
108,19,52,construction,5,371.7,3.72,2025-08-08 14:53:00,2025-08-11 18:00:00,in_progress,26,5.31
109,44,56,household,2,253.0,2.53,2025-08-02 13:31:00,2025-08-12 18:00:00,pending,,2.31
110,27,55,commercial,5,81.3,0.81,2025-08-09 09:20:00,2025-08-14 18:00:00,pending,,5.71
111,17,53,industrial,2,60.9,0.61,2025-08-07 09:55:00,2025-08-10 18:00:00,completed,16,2.6
112,35,51,recyclable,5,112.2,1.12,2025-08-06 09:46:00,2025-08-13 18:00:00,pending,,5.48
113,5,52,household,4,221.2,2.21,2025-08-06 18:10:00,2025-08-12 18:00:00,scheduled,23,4.02
114,24,52,construction,3,360.2,3.6,2025-08-03 18:31:00,2025-08-11 18:00:00,completed,17,3.29
115,20,52,recyclable,5,366.9,3.67,2025-08-07 07:45:00,2025-08-14 18:00:00,pending,,5.16
116,37,54,household,5,119.7,1.2,2025-08-08 18:13:00,2025-08-13 18:00:00,scheduled,14,5.39
117,47,56,commercial,5,79.8,0.8,2025-08-03 18:12:00,2025-08-13 18:00:00,scheduled,8,5.78
118,45,56,commercial,3,469.4,4.69,2025-08-08 13:18:00,2025-08-15 18:00:00,pending,,3.76
119,32,55,household,3,443.7,4.44,2025-08-05 06:11:00,2025-08-15 18:00:00,in_progress,16,3.97
120,43,56,medical,1,145.9,1.46,2025-08-08 13:47:00,2025-08-14 18:00:00,in_progress,22,1.73
121,39,54,construction,2,410.2,4.1,2025-08-06 16:15:00,2025-08-11 18:00:00,pending,,2.58
122,36,51,household,2,158.9,1.59,2025-08-01 15:23:00,2025-08-15 18:00:00,scheduled,27,2.52
123,43,51,commercial,1,216.5,2.17,2025-08-01 10:36:00,2025-08-11 18:00:00,pending,,1.1
124,22,54,construction,3,412.1,4.12,2025-08-08 09:11:00,2025-08-11 18:00:00,scheduled,3,3.85
125,23,53,medical,5,401.3,4.01,2025-08-01 16:29:00,2025-08-14 18:00:00,scheduled,7,5.54
126,25,53,industrial,3,389.2,3.89,2025-08-04 10:38:00,2025-08-11 18:00:00,completed,1,3.37
127,13,55,recyclable,5,128.3,1.28,2025-08-08 13:57:00,2025-08-10 18:00:00,pending,,5.22
128,24,51,construction,1,375.7,3.76,2025-08-07 06:23:00,2025-08-12 18:00:00,scheduled,2,1.99
129,45,53,recyclable,2,321.4,3.21,2025-08-01 16:05:00,2025-08-11 18:00:00,pending,,2.64
130,39,53,recyclable,4,323.6,3.24,2025-08-04 10:12:00,2025-08-11 18:00:00,completed,9,4.5
131,18,55,industrial,5,439.4,4.39,2025-08-02 12:42:00,2025-08-15 18:00:00,pending,,5.3
132,40,51,household,3,465.9,4.66,2025-08-06 12:27:00,2025-08-11 18:00:00,completed,17,3.35
133,31,52,commercial,2,476.3,4.76,2025-08-05 14:56:00,2025-08-13 18:00:00,pending,,2.31
134,5,53,industrial,5,85.6,0.86,2025-08-05 12:53:00,2025-08-10 18:00:00,pending,,5.4
135,20,53,medical,3,294.2,2.94,2025-08-05 14:10:00,2025-08-12 18:00:00,scheduled,25,3.33
136,12,54,construction,5,333.8,3.34,2025-08-06 07:32:00,2025-08-10 18:00:00,pending,,5.84
137,11,52,household,5,487.2,4.87,2025-08-03 16:14:00,2025-08-10 18:00:00,completed,12,5.36
138,20,53,construction,3,133.5,1.33,2025-08-06 13:56:00,2025-08-11 18:00:00,completed,30,3.05
139,38,52,household,5,137.0,1.37,2025-08-09 18:25:00,2025-08-14 18:00:00,pending,,5.67
140,29,51,industrial,4,357.2,3.57,2025-08-03 16:41:00,2025-08-15 18:00:00,pending,,4.03
141,39,53,medical,4,371.5,3.71,2025-08-07 18:37:00,2025-08-14 18:00:00,scheduled,30,4.35
142,48,54,recyclable,5,419.9,4.2,2025-08-04 13:25:00,2025-08-12 18:00:00,pending,,5.45
143,3,52,medical,3,484.0,4.84,2025-08-01 13:58:00,2025-08-12 18:00:00,pending,,3.7
144,18,55,commercial,4,338.6,3.39,2025-08-01 12:50:00,2025-08-12 18:00:00,in_progress,27,4.78
145,45,53,recyclable,5,449.4,4.49,2025-08-07 18:11:00,2025-08-15 18:00:00,pending,,5.15
146,8,56,medical,5,146.1,1.46,2025-08-06 14:31:00,2025-08-11 18:00:00,in_progress,29,5.99
147,8,51,construction,4,372.7,3.73,2025-08-01 07:30:00,2025-08-13 18:00:00,pending,,4.97
148,4,52,construction,5,498.4,4.98,2025-08-04 12:44:00,2025-08-12 18:00:00,completed,27,5.5
149,25,54,commercial,5,99.4,0.99,2025-08-03 12:18:00,2025-08-15 18:00:00,completed,3,5.93
150,45,56,commercial,2,82.7,0.83,2025-08-06 08:37:00,2025-08-10 18:00:00,scheduled,20,2.16
151,25,52,recyclable,2,364.0,3.64,2025-08-07 06:38:00,2025-08-12 18:00:00,pending,,2.5
152,33,56,medical,1,447.6,4.48,2025-08-07 08:14:00,2025-08-11 18:00:00,pending,,1.18
153,50,51,household,3,182.5,1.82,2025-08-08 11:31:00,2025-08-13 18:00:00,pending,,3.65
154,44,51,construction,3,174.5,1.75,2025-08-03 13:39:00,2025-08-15 18:00:00,pending,,3.19
155,21,54,household,4,234.9,2.35,2025-08-09 13:13:00,2025-08-13 18:00:00,scheduled,4,4.51
156,47,52,commercial,2,320.2,3.2,2025-08-05 09:42:00,2025-08-14 18:00:00,scheduled,8,2.89
157,34,51,recyclable,4,316.0,3.16,2025-08-06 10:13:00,2025-08-12 18:00:00,pending,,4.27
158,12,54,household,1,124.7,1.25,2025-08-05 08:45:00,2025-08-15 18:00:00,pending,,1.54
159,45,56,medical,1,194.0,1.94,2025-08-04 18:55:00,2025-08-13 18:00:00,in_progress,1,1.22
160,14,56,commercial,1,497.9,4.98,2025-08-07 06:04:00,2025-08-10 18:00:00,in_progress,2,1.87
161,4,52,commercial,3,152.0,1.52,2025-08-06 12:05:00,2025-08-12 18:00:00,pending,,3.21
162,48,53,medical,4,58.7,0.59,2025-08-02 11:48:00,2025-08-12 18:00:00,pending,,4.53
163,49,51,commercial,4,127.7,1.28,2025-08-06 10:11:00,2025-08-13 18:00:00,pending,,4.28
164,28,54,construction,5,348.7,3.49,2025-08-04 15:03:00,2025-08-12 18:00:00,in_progress,23,5.5
165,47,52,industrial,2,254.3,2.54,2025-08-03 17:25:00,2025-08-14 18:00:00,completed,2,2.71
166,35,52,construction,5,80.8,0.81,2025-08-04 08:16:00,2025-08-15 18:00:00,completed,6,5.94
167,49,55,industrial,5,70.7,0.71,2025-08-01 08:13:00,2025-08-15 18:00:00,pending,,5.01
168,1,51,recyclable,4,267.9,2.68,2025-08-05 10:56:00,2025-08-11 18:00:00,pending,,4.62
169,50,56,household,5,353.1,3.53,2025-08-03 07:56:00,2025-08-11 18:00:00,pending,,5.36
170,7,54,household,4,142.2,1.42,2025-08-02 16:34:00,2025-08-13 18:00:00,pending,,4.07
171,20,51,recyclable,4,170.2,1.7,2025-08-02 09:37:00,2025-08-13 18:00:00,completed,14,4.91
172,23,52,household,5,252.8,2.53,2025-08-03 09:05:00,2025-08-13 18:00:00,pending,,5.29
173,26,55,medical,1,247.7,2.48,2025-08-03 06:42:00,2025-08-11 18:00:00,completed,25,2.0
174,15,56,industrial,1,463.8,4.64,2025-08-04 17:15:00,2025-08-12 18:00:00,completed,7,1.66
175,31,55,household,3,58.5,0.58,2025-08-03 15:20:00,2025-08-15 18:00:00,completed,7,3.49
176,38,52,construction,4,166.9,1.67,2025-08-01 17:09:00,2025-08-12 18:00:00,pending,,4.22
177,17,53,medical,1,263.9,2.64,2025-08-01 14:25:00,2025-08-12 18:00:00,in_progress,13,1.17
178,6,53,household,1,365.0,3.65,2025-08-04 16:17:00,2025-08-10 18:00:00,pending,,1.83
179,1,53,household,5,89.7,0.9,2025-08-09 09:06:00,2025-08-13 18:00:00,completed,30,5.65
180,47,56,household,4,433.1,4.33,2025-08-03 15:42:00,2025-08-12 18:00:00,scheduled,15,4.03
181,17,54,commercial,1,51.1,0.51,2025-08-02 14:58:00,2025-08-15 18:00:00,pending,,1.04
182,25,51,household,4,86.1,0.86,2025-08-08 10:49:00,2025-08-12 18:00:00,completed,14,4.29
183,49,51,industrial,3,233.1,2.33,2025-08-04 08:19:00,2025-08-14 18:00:00,completed,20,3.9
184,8,52,recyclable,2,55.0,0.55,2025-08-04 17:14:00,2025-08-11 18:00:00,cancelled,7,2.44
185,12,52,construction,1,368.0,3.68,2025-08-02 17:42:00,2025-08-13 18:00:00,scheduled,6,1.57
186,21,55,industrial,4,472.5,4.72,2025-08-07 09:53:00,2025-08-14 18:00:00,cancelled,4,4.76
187,43,52,recyclable,2,445.8,4.46,2025-08-02 14:46:00,2025-08-14 18:00:00,pending,,2.88
188,21,55,household,1,222.4,2.22,2025-08-06 10:36:00,2025-08-10 18:00:00,completed,5,1.34
189,19,54,construction,4,172.8,1.73,2025-08-07 06:29:00,2025-08-14 18:00:00,completed,15,4.85
190,44,55,recyclable,3,420.9,4.21,2025-08-09 11:39:00,2025-08-11 18:00:00,pending,,3.72
191,11,54,construction,3,120.6,1.21,2025-08-02 14:04:00,2025-08-15 18:00:00,pending,,3.42
192,23,53,medical,1,290.5,2.9,2025-08-02 12:41:00,2025-08-10 18:00:00,pending,,1.83
193,6,52,medical,5,342.7,3.43,2025-08-03 07:06:00,2025-08-11 18:00:00,scheduled,10,5.46
194,39,53,commercial,3,304.9,3.05,2025-08-06 15:09:00,2025-08-15 18:00:00,completed,29,3.02
195,47,52,recyclable,2,204.4,2.04,2025-08-04 10:44:00,2025-08-12 18:00:00,cancelled,6,2.58
196,8,52,household,3,209.0,2.09,2025-08-01 11:13:00,2025-08-10 18:00:00,in_progress,29,3.92
197,15,56,commercial,5,73.0,0.73,2025-08-06 06:24:00,2025-08-15 18:00:00,in_progress,1,5.71
198,50,51,construction,5,114.1,1.14,2025-08-09 15:28:00,2025-08-14 18:00:00,pending,,5.8
199,21,55,industrial,1,66.1,0.66,2025-08-04 13:56:00,2025-08-11 18:00:00,completed,14,1.36
200,34,53,household,1,310.5,3.1,2025-08-06 07:55:00,2025-08-10 18:00:00,pending,,1.64
201,49,51,household,4,158.2,1.58,2025-08-08 18:22:00,2025-08-12 18:00:00,scheduled,8,4.37
202,8,55,industrial,4,204.6,2.05,2025-08-07 06:02:00,2025-08-14 18:00:00,pending,,4.98
203,43,52,commercial,4,70.1,0.7,2025-08-05 09:16:00,2025-08-13 18:00:00,completed,23,4.94
204,50,51,commercial,2,129.4,1.29,2025-08-09 14:42:00,2025-08-14 18:00:00,pending,,2.6
205,30,55,household,5,415.2,4.15,2025-08-03 18:34:00,2025-08-13 18:00:00,pending,,5.4
206,5,52,industrial,3,207.2,2.07,2025-08-02 07:55:00,2025-08-13 18:00:00,pending,,3.28
207,16,53,recyclable,4,451.3,4.51,2025-08-04 07:31:00,2025-08-10 18:00:00,pending,,4.33
208,40,52,recyclable,3,142.6,1.43,2025-08-04 10:11:00,2025-08-10 18:00:00,completed,13,3.69
209,32,51,commercial,1,371.8,3.72,2025-08-07 08:14:00,2025-08-15 18:00:00,completed,12,1.66
210,34,51,medical,2,66.9,0.67,2025-08-08 07:24:00,2025-08-14 18:00:00,pending,,2.15
211,2,51,construction,2,71.6,0.72,2025-08-08 09:33:00,2025-08-14 18:00:00,pending,,2.43
212,3,56,industrial,1,306.5,3.06,2025-08-08 13:27:00,2025-08-15 18:00:00,pending,,1.32
213,1,56,household,4,90.6,0.91,2025-08-07 08:31:00,2025-08-10 18:00:00,scheduled,30,4.57
214,33,53,construction,3,150.2,1.5,2025-08-04 10:50:00,2025-08-11 18:00:00,in_progress,2,3.48
215,27,51,commercial,4,197.0,1.97,2025-08-04 07:22:00,2025-08-10 18:00:00,completed,15,4.98
216,2,55,commercial,4,446.8,4.47,2025-08-02 16:08:00,2025-08-14 18:00:00,pending,,4.54
217,5,54,industrial,1,319.9,3.2,2025-08-09 15:37:00,2025-08-12 18:00:00,completed,23,1.4
218,25,56,commercial,4,183.1,1.83,2025-08-08 15:47:00,2025-08-12 18:00:00,completed,13,4.72
219,47,53,commercial,4,377.2,3.77,2025-08-06 18:26:00,2025-08-10 18:00:00,completed,30,4.91
220,42,53,medical,5,155.0,1.55,2025-08-07 16:20:00,2025-08-11 18:00:00,scheduled,28,5.69
221,12,56,construction,4,314.8,3.15,2025-08-02 07:48:00,2025-08-11 18:00:00,completed,14,4.9
222,17,56,household,3,373.1,3.73,2025-08-05 18:37:00,2025-08-14 18:00:00,completed,4,3.56
223,15,52,household,4,149.0,1.49,2025-08-06 07:39:00,2025-08-14 18:00:00,pending,,4.44
224,15,55,recyclable,3,128.1,1.28,2025-08-09 07:40:00,2025-08-13 18:00:00,in_progress,10,3.84
225,30,54,household,5,168.3,1.68,2025-08-08 15:13:00,2025-08-12 18:00:00,pending,,5.78
226,19,56,construction,3,215.3,2.15,2025-08-07 17:01:00,2025-08-10 18:00:00,pending,,3.42
227,33,55,recyclable,4,58.4,0.58,2025-08-09 16:00:00,2025-08-14 18:00:00,pending,,4.47
228,47,53,recyclable,1,76.7,0.77,2025-08-08 17:02:00,2025-08-10 18:00:00,completed,8,1.77
229,37,55,household,1,163.7,1.64,2025-08-01 11:48:00,2025-08-15 18:00:00,scheduled,17,1.42
230,46,54,industrial,5,168.8,1.69,2025-08-05 12:22:00,2025-08-15 18:00:00,in_progress,28,5.68
231,17,51,construction,2,109.0,1.09,2025-08-06 15:29:00,2025-08-12 18:00:00,in_progress,6,2.27
232,7,54,commercial,5,71.8,0.72,2025-08-05 18:22:00,2025-08-12 18:00:00,cancelled,5,5.52
233,12,51,commercial,4,256.0,2.56,2025-08-05 16:15:00,2025-08-13 18:00:00,scheduled,23,4.93
234,49,52,commercial,4,442.2,4.42,2025-08-08 15:08:00,2025-08-12 18:00:00,pending,,4.48
235,33,51,household,2,361.8,3.62,2025-08-05 08:53:00,2025-08-12 18:00:00,pending,,2.02
236,49,51,medical,2,298.5,2.98,2025-08-05 06:04:00,2025-08-13 18:00:00,scheduled,30,2.12
237,47,56,household,3,186.7,1.87,2025-08-01 11:30:00,2025-08-13 18:00:00,pending,,3.9
238,29,56,household,2,70.3,0.7,2025-08-04 08:34:00,2025-08-11 18:00:00,pending,,2.4
239,27,51,construction,5,176.6,1.77,2025-08-04 13:59:00,2025-08-10 18:00:00,scheduled,22,5.27
240,25,56,recyclable,4,447.4,4.47,2025-08-04 15:57:00,2025-08-12 18:00:00,cancelled,7,4.06
241,20,56,industrial,3,150.3,1.5,2025-08-08 16:21:00,2025-08-12 18:00:00,in_progress,12,3.96
242,48,53,industrial,2,326.3,3.26,2025-08-06 11:58:00,2025-08-15 18:00:00,pending,,2.51
243,36,52,construction,4,314.7,3.15,2025-08-04 06:46:00,2025-08-11 18:00:00,scheduled,23,4.02
244,24,51,construction,2,313.5,3.13,2025-08-03 12:19:00,2025-08-12 18:00:00,pending,,2.84
245,31,52,recyclable,2,229.1,2.29,2025-08-05 16:56:00,2025-08-14 18:00:00,pending,,2.65
246,17,52,industrial,1,424.5,4.25,2025-08-06 15:27:00,2025-08-15 18:00:00,in_progress,2,1.62
247,16,54,recyclable,5,175.7,1.76,2025-08-07 16:51:00,2025-08-14 18:00:00,in_progress,14,5.17
248,20,54,household,2,393.9,3.94,2025-08-03 18:54:00,2025-08-14 18:00:00,pending,,2.19
249,15,56,industrial,3,176.1,1.76,2025-08-04 08:02:00,2025-08-11 18:00:00,pending,,3.82
250,44,54,recyclable,4,356.3,3.56,2025-08-09 09:14:00,2025-08-10 18:00:00,completed,27,4.24
251,4,56,medical,4,221.7,2.22,2025-08-05 16:25:00,2025-08-10 18:00:00,pending,,4.49
252,8,56,medical,3,312.3,3.12,2025-08-09 16:59:00,2025-08-14 18:00:00,in_progress,28,3.09
253,45,55,commercial,1,473.3,4.73,2025-08-03 13:54:00,2025-08-10 18:00:00,pending,,1.58
254,10,56,medical,5,392.7,3.93,2025-08-07 09:09:00,2025-08-13 18:00:00,cancelled,15,5.42
255,10,54,recyclable,4,399.8,4.0,2025-08-07 12:59:00,2025-08-14 18:00:00,pending,,4.92
256,12,55,construction,4,442.0,4.42,2025-08-08 11:30:00,2025-08-13 18:00:00,in_progress,16,4.58
257,44,51,industrial,1,236.6,2.37,2025-08-09 07:23:00,2025-08-11 18:00:00,scheduled,9,1.35
258,6,51,household,5,412.5,4.12,2025-08-07 09:12:00,2025-08-12 18:00:00,completed,27,5.81
259,34,53,construction,1,301.7,3.02,2025-08-03 07:04:00,2025-08-14 18:00:00,pending,,1.2
260,25,56,medical,3,85.3,0.85,2025-08-04 14:18:00,2025-08-10 18:00:00,in_progress,5,3.96
261,21,56,construction,3,300.1,3.0,2025-08-06 08:00:00,2025-08-14 18:00:00,scheduled,11,3.82
262,20,54,industrial,5,208.7,2.09,2025-08-05 17:16:00,2025-08-11 18:00:00,completed,25,5.29
263,27,55,commercial,3,450.6,4.51,2025-08-06 12:38:00,2025-08-11 18:00:00,pending,,3.64
264,3,56,commercial,5,163.5,1.64,2025-08-09 15:55:00,2025-08-12 18:00:00,pending,,5.86
265,27,52,recyclable,4,218.5,2.19,2025-08-06 12:51:00,2025-08-13 18:00:00,scheduled,14,4.3
266,39,52,industrial,4,474.4,4.74,2025-08-01 15:27:00,2025-08-13 18:00:00,scheduled,26,4.29
267,15,53,commercial,4,469.2,4.69,2025-08-06 06:32:00,2025-08-15 18:00:00,pending,,4.58
268,45,55,recyclable,5,85.8,0.86,2025-08-04 10:37:00,2025-08-14 18:00:00,in_progress,2,5.76
269,33,54,industrial,4,189.9,1.9,2025-08-01 13:16:00,2025-08-13 18:00:00,completed,12,4.95
270,48,51,industrial,2,275.2,2.75,2025-08-03 18:02:00,2025-08-14 18:00:00,pending,,2.22
271,8,53,medical,4,164.3,1.64,2025-08-03 06:11:00,2025-08-15 18:00:00,pending,,4.08
272,30,54,industrial,3,385.3,3.85,2025-08-04 13:27:00,2025-08-12 18:00:00,completed,10,3.37
273,35,54,industrial,2,152.9,1.53,2025-08-01 12:49:00,2025-08-11 18:00:00,pending,,2.39
274,45,56,commercial,5,259.0,2.59,2025-08-09 13:47:00,2025-08-14 18:00:00,completed,16,5.58
275,9,56,household,5,324.7,3.25,2025-08-06 15:54:00,2025-08-12 18:00:00,cancelled,5,5.35
276,38,54,commercial,3,238.5,2.38,2025-08-03 11:43:00,2025-08-10 18:00:00,completed,10,3.38
277,2,53,commercial,2,335.6,3.36,2025-08-03 10:14:00,2025-08-14 18:00:00,pending,,2.49
278,33,54,construction,1,150.7,1.51,2025-08-07 16:22:00,2025-08-15 18:00:00,cancelled,28,1.73
279,26,56,construction,2,85.8,0.86,2025-08-03 14:27:00,2025-08-12 18:00:00,pending,,2.34
280,35,56,household,4,124.5,1.25,2025-08-03 07:08:00,2025-08-13 18:00:00,completed,11,4.29
281,33,54,commercial,5,371.6,3.72,2025-08-04 12:55:00,2025-08-12 18:00:00,completed,16,5.74
282,2,56,industrial,1,169.0,1.69,2025-08-04 14:05:00,2025-08-15 18:00:00,completed,2,1.79
283,46,56,recyclable,5,386.0,3.86,2025-08-08 07:21:00,2025-08-13 18:00:00,scheduled,16,5.65
284,44,52,commercial,1,95.1,0.95,2025-08-05 13:05:00,2025-08-11 18:00:00,scheduled,27,1.54
285,41,52,household,2,463.5,4.63,2025-08-06 17:26:00,2025-08-10 18:00:00,pending,,2.48
286,49,52,industrial,1,97.6,0.98,2025-08-08 14:51:00,2025-08-11 18:00:00,scheduled,4,1.76
287,38,52,construction,3,134.1,1.34,2025-08-08 13:45:00,2025-08-15 18:00:00,completed,21,3.74
288,39,53,recyclable,3,426.8,4.27,2025-08-02 18:44:00,2025-08-15 18:00:00,completed,27,3.99
289,3,51,household,1,313.9,3.14,2025-08-01 07:08:00,2025-08-15 18:00:00,in_progress,1,1.42
290,49,55,commercial,1,471.0,4.71,2025-08-01 09:10:00,2025-08-15 18:00:00,completed,30,1.52
291,34,55,recyclable,5,371.9,3.72,2025-08-04 08:14:00,2025-08-13 18:00:00,completed,13,5.96
292,50,53,construction,4,213.3,2.13,2025-08-02 18:31:00,2025-08-14 18:00:00,in_progress,11,4.64
293,29,53,recyclable,5,248.8,2.49,2025-08-03 18:34:00,2025-08-10 18:00:00,completed,14,5.8
294,39,52,commercial,3,499.3,4.99,2025-08-08 09:18:00,2025-08-15 18:00:00,completed,19,3.93
295,10,51,household,1,305.8,3.06,2025-08-03 14:42:00,2025-08-14 18:00:00,pending,,1.86
296,25,53,medical,5,277.2,2.77,2025-08-09 13:10:00,2025-08-15 18:00:00,pending,,5.33
297,17,54,commercial,4,176.7,1.77,2025-08-02 08:27:00,2025-08-10 18:00:00,pending,,4.46
298,10,53,medical,4,236.9,2.37,2025-08-06 07:42:00,2025-08-14 18:00:00,cancelled,7,4.77
299,10,52,construction,2,169.3,1.69,2025-08-06 12:30:00,2025-08-12 18:00:00,pending,,2.86
300,39,56,medical,5,135.7,1.36,2025-08-02 17:54:00,2025-08-10 18:00:00,pending,,5.57
